{
    "rmse": 0.8548153376389345,
    "mae": 0.6559112271159511,
    "r2": 0.07460097151842737
}